codon,protein1,protein3,codon_counts,protein_counts
CTT,L,Leu,271049,1083746
ATG,M,Met,334279,334279
ACA,T,Thr,268843,777505
ACG,T,Thr,118095,777505
ATC,I,Ile,238849,761423
ATA,I,Ile,116212,761423
AGG,R,Arg,48603,677891
CCT,P,Pro,119398,662397
AGC,S,Ser,107871,1064652
AGA,R,Arg,197784,677891
ATT,I,Ile,406362,761423
CTG,L,Leu,154942,1083746
CTA,L,Leu,98387,1083746
CTC,L,Leu,186654,1083746
CCG,P,Pro,129907,662397
AGT,S,Ser,160025,1064652
CCA,P,Pro,355900,662397
CCC,P,Pro,57192,662397
TAT,Y,Tyr,219263,392486
GGT,G,Gly,145168,703435
CGA,R,Arg,159937,677891
CGC,R,Arg,64725,677891
CGG,R,Arg,60685,677891
GGG,G,Gly,55154,703435
GGA,G,Gly,416589,703435
GGC,G,Gly,86524,703435
TAC,Y,Tyr,173223,392486
CGT,R,Arg,146157,677891
GTA,V,Val,127390,806742
GTC,V,Val,176547,806742
GTG,V,Val,187591,806742
GAG,E,Glu,327842,876576
GTT,V,Val,315214,806742
GAC,D,Asp,224087,702199
AAG,K,Lys,337277,813296
AAA,K,Lys,476019,813296
AAC,N,Asn,233767,620510
ACT,T,Thr,254414,777505
CAT,H,His,182218,297856
AAT,N,Asn,386743,620510
CAC,H,His,115638,297856
CAA,Q,Gln,362624,553280
CAG,Q,Gln,190656,553280
TGT,C,Cys,141851,255779
TCT,S,Ser,221788,1064652
GAT,D,Asp,478112,702199
TTT,F,Phe,274160,571678
TGC,C,Cys,113928,255779
TGG,W,Trp,137734,137734
TTC,F,Phe,297518,571678
TCG,S,Ser,163440,1064652
TTA,L,Leu,120192,1083746
TTG,L,Leu,252522,1083746
TCC,S,Ser,137028,1064652
GAA,E,Glu,548734,876576
TCA,S,Ser,274500,1064652
GCA,A,Ala,266411,840265
GCC,A,Ala,164706,840265
GCG,A,Ala,108464,840265
GCT,A,Ala,300684,840265
ACC,T,Thr,136153,777505
TAA,*,STOP,13431,27407
TAG,*,STOP,4856,27407
TGA,*,STOP,9120,27407
