Triplet,Amino acid,Fraction,Frequency/ Thousand,Number,codon,protein1,protein3,codon_counts,protein_counts,protein1_counts,codon_frequency,Fraction_self_count,Frequency_self_count/ Thousand
AAA,K,0.59,37.9,400356,AAA,K,Lys,476019,813296,813296,0.036726642,0.585296128,36.72664186
AAC,N,0.38,18.4,194728,AAC,N,Asn,233767,620510,620510,0.018035996,0.376733655,18.03599623
AAG,K,0.41,26,274667,AAG,K,Lys,337277,813296,813296,0.026022179,0.414703872,26.02217892
AAT,N,0.62,30.3,319819,AAT,N,Asn,386743,620510,620510,0.029838665,0.623266345,29.83866538
ACA,T,0.34,19.8,209655,ACA,T,Thr,268843,777505,777505,0.02074224,0.345776554,20.74224049
ACC,T,0.18,10.5,110926,ACC,T,Thr,136153,777505,777505,0.010504712,0.175115273,10.50471193
ACG,T,0.15,8.9,93703,ACG,T,Thr,118095,777505,777505,0.00911147,0.151889698,9.111469859
ACT,T,0.33,18.9,199854,ACT,T,Thr,254414,777505,777505,0.019628989,0.327218474,19.62898931
AGA,R,0.29,15.5,163895,AGA,R,Arg,197784,677891,677891,0.015259774,0.29176372,15.25977353
AGC,S,0.1,8.3,87812,AGC,S,Ser,107871,1064652,1064652,0.00832265,0.101320431,8.322650113
AGG,R,0.08,4,42185,AGG,R,Arg,48603,677891,677891,0.003749903,0.071697367,3.749902786
AGT,S,0.15,12.1,127651,AGT,S,Ser,160025,1064652,1064652,0.012346526,0.15030733,12.3465258
ATA,I,0.16,9.6,101184,ATA,I,Ile,116212,761423,761423,0.008966189,0.152624757,8.966189383
ATC,I,0.31,18.9,200325,ATC,I,Ile,238849,761423,761423,0.018428091,0.313687661,18.42809149
ATG,M,1,25.9,274027,ATG,M,Met,334279,334279,334279,0.025790872,1,25.79087203
ATT,I,0.53,32.4,342216,ATT,I,Ile,406362,761423,761423,0.031352344,0.533687582,31.35234442
CAA,Q,0.66,27.2,287219,CAA,Q,Gln,362624,553280,553280,0.027977795,0.65540775,27.97779454
CAC,H,0.39,9.2,97770,CAC,H,His,115638,297856,297856,0.008921903,0.388234583,8.921903142
CAG,Q,0.34,14.2,150209,CAG,Q,Gln,190656,553280,553280,0.014709822,0.34459225,14.70982173
CAT,H,0.61,14.1,148752,CAT,H,His,182218,297856,297856,0.014058799,0.611765417,14.05879855
CCA,P,0.53,25.9,273982,CCA,P,Pro,355900,662397,662397,0.027459013,0.537291081,27.45901285
CCC,P,0.09,4.5,47421,CCC,P,Pro,57192,662397,662397,0.004412576,0.086340971,4.412576182
CCG,P,0.2,9.6,101820,CCG,P,Pro,129907,662397,662397,0.01002281,0.196116528,10.02280973
CCT,P,0.18,8.9,93596,CCT,P,Pro,119398,662397,662397,0.009212001,0.18025142,9.21200117
CGA,R,0.23,11.9,126093,CGA,R,Arg,159937,677891,677891,0.012339736,0.235933211,12.33973627
CGC,R,0.1,5.2,54826,CGC,R,Arg,64725,677891,677891,0.004993775,0.095479952,4.993775237
CGG,R,0.09,4.7,49450,CGG,R,Arg,60685,677891,677891,0.004682074,0.089520292,4.682074164
CGT,R,0.21,11.3,119070,CGT,R,Arg,146157,677891,677891,0.011276558,0.215605459,11.27655786
CTA,L,0.09,7.9,83312,CTA,L,Leu,98387,1083746,1083746,0.007590924,0.090784187,7.590924129
CTC,L,0.17,14.9,157716,CTC,L,Leu,186654,1083746,1083746,0.014401053,0.172230393,14.4010525
CTG,L,0.14,12.1,128045,CTG,L,Leu,154942,1083746,1083746,0.011954353,0.142968924,11.95435338
CTT,L,0.24,21.1,223106,CTT,L,Leu,271049,1083746,1083746,0.020912442,0.250103807,20.91244163
GAA,E,0.62,40.6,429632,GAA,E,Glu,548734,876576,876576,0.042336875,0.625997061,42.33687541
GAC,D,0.33,17.1,181100,GAC,D,Asp,224087,702199,702199,0.017289148,0.319121787,17.28914811
GAG,E,0.38,24.4,258278,GAG,E,Glu,327842,876576,876576,0.025294233,0.374002939,25.29423347
GAT,D,0.68,35.5,375420,GAT,D,Asp,478112,702199,702199,0.036888125,0.680878213,36.88812462
GCA,A,0.31,19.6,207269,GCA,A,Ala,266411,840265,840265,0.020554603,0.317055929,20.55460262
GCC,A,0.2,12.6,133544,GCC,A,Ala,164706,840265,840265,0.012707682,0.196016733,12.70768241
GCG,A,0.13,8.2,86490,GCG,A,Ala,108464,840265,840265,0.008368402,0.129083087,8.368402276
GCT,A,0.36,22.3,235555,GCT,A,Ala,300684,840265,840265,0.023198892,0.357844252,23.19889244
GGA,G,0.59,31.5,332512,GGA,G,Gly,416589,703435,703435,0.032141396,0.59222103,32.14139563
GGC,G,0.12,6.7,70868,GGC,G,Gly,86524,703435,703435,0.006675649,0.123002125,6.675649418
GGG,G,0.08,4.5,47074,GGG,G,Gly,55154,703435,703435,0.004255337,0.078406676,4.255336878
GGT,G,0.2,11,116505,GGT,G,Gly,145168,703435,703435,0.011200253,0.206370169,11.20025282
GTA,V,0.16,9.9,104173,GTA,V,Val,127390,806742,806742,0.009828614,0.157906741,9.828613788
GTC,V,0.22,13.6,143320,GTC,V,Val,176547,806742,806742,0.01362126,0.21883948,13.62125974
GTG,V,0.23,14.3,151285,GTG,V,Val,187591,806742,806742,0.014473346,0.232529111,14.47334555
GTT,V,0.39,24,253488,GTT,V,Val,315214,806742,806742,0.024319936,0.390724668,24.31993615
TAA,*,0.44,1.6,16504,TAA,*,STOP,13431,27407,27407,0.001036252,0.490057285,1.036251761
TAC,Y,0.44,13.7,145166,TAC,Y,Tyr,173223,392486,392486,0.013364801,0.441348226,13.36480074
TAG,*,0.17,0.6,6683,TAG,*,STOP,4856,27407,27407,0.000374659,0.177181012,0.374658518
TAT,Y,0.56,17.6,185598,TAT,Y,Tyr,219263,392486,392486,0.016916959,0.558651774,16.91695851
TCA,S,0.25,20.4,215921,TCA,S,Ser,274500,1064652,1064652,0.021178699,0.257830728,21.17869915
TCC,S,0.13,10.7,112689,TCC,S,Ser,137028,1064652,1064652,0.010572221,0.128706845,10.57222145
TCG,S,0.15,12.1,127964,TCG,S,Ser,163440,1064652,1064652,0.012610006,0.153514951,12.61000579
TCT,S,0.21,16.8,177232,TCT,S,Ser,221788,1064652,1064652,0.017111772,0.208319714,17.11177168
TGA,*,0.39,1.4,14942,TGA,*,STOP,9120,27407,27407,0.000703642,0.332761703,0.703642026
TGC,C,0.45,9.1,95986,TGC,C,Cys,113928,255779,255779,0.00878997,0.445415769,8.789970262
TGG,W,1,11,116700,TGG,W,Trp,137734,137734,137734,0.010626692,1,10.62669198
TGT,C,0.55,11.2,118546,TGT,C,Cys,141851,255779,255779,0.010944334,0.554584231,10.94433389
TTA,L,0.12,10.2,107678,TTA,L,Leu,120192,1083746,1083746,0.009273261,0.110904216,9.273261233
TTC,F,0.5,24,253770,TTC,F,Phe,297518,571678,571678,0.022954624,0.520429333,22.95462373
TTG,L,0.23,20.1,212079,TTG,L,Leu,252522,1083746,1083746,0.019483014,0.233008472,19.48301445
TTT,F,0.5,23.9,253139,TTT,F,Phe,274160,571678,571678,0.021152467,0.479570667,21.15246688
